City_ID,City,Country,Date,Lat,Lng,Max Temp,Humidity,Cloudiness,Wind Speed
0,Atar,MR,2022-10-27 03:00:49,20.5169,-13.0499,79.65,12,12,6.64
1,Pimentel,PE,2022-10-27 03:00:50,-6.8367,-79.9342,62.08,86,15,13.02
2,Ushuaia,AR,2022-10-27 02:58:49,-54.8,-68.3,47.86,57,75,9.22
3,Busselton,AU,2022-10-27 03:00:51,-33.65,115.3333,62.02,41,18,2.68
4,Mount Gambier,AU,2022-10-27 03:00:51,-37.8333,140.7667,58.91,94,100,20.71
5,Saskylakh,RU,2022-10-27 03:00:52,71.9167,114.0833,11.44,94,100,13.15
6,Rocha,UY,2022-10-27 03:00:52,-34.4833,-54.3333,59.63,84,1,12.06
7,Qaanaaq,GL,2022-10-27 03:00:53,77.484,-69.3632,-0.56,70,5,9.35
8,Vaini,TO,2022-10-27 03:00:53,-21.2,-175.2,75.16,72,76,19.24
9,Labuhan,ID,2022-10-27 03:00:54,-6.8844,112.2051,81.91,71,100,12.86
10,Kargasok,RU,2022-10-27 03:00:54,59.0556,80.8572,29.34,95,100,11.7
11,Atuona,PF,2022-10-27 03:00:55,-9.8,-139.0333,77.2,77,14,19.06
12,Puerto Ayora,EC,2022-10-27 03:00:56,-0.7393,-90.3518,64.54,98,31,7.0
13,Avarua,CK,2022-10-27 03:00:56,-21.2078,-159.775,73.45,78,20,6.91
14,Hermanus,ZA,2022-10-27 03:00:57,-34.4187,19.2345,62.8,93,100,5.44
15,Lorengau,PG,2022-10-27 03:00:58,-2.0226,147.2712,86.67,64,40,9.93
16,Punta Arenas,CL,2022-10-27 02:57:10,-53.15,-70.9167,46.51,66,40,23.02
17,Bafoulabe,ML,2022-10-27 03:00:58,13.8065,-10.8321,78.12,34,2,1.28
18,Georgetown,MY,2022-10-27 03:00:34,5.4112,100.3354,84.24,78,20,5.75
19,Kapaa,US,2022-10-27 03:00:59,22.0752,-159.319,82.38,79,92,4.0
20,Codrington,AU,2022-10-27 03:00:59,-38.2667,141.9667,57.07,94,100,13.33
21,Hare Bay,CA,2022-10-27 03:01:00,48.8499,-54.0148,54.18,96,69,4.63
22,Champasak,LA,2022-10-27 03:01:01,14.75,106.0,86.11,56,75,1.3
23,Lasa,IT,2022-10-27 03:01:01,46.6166,10.7002,52.02,64,27,0.98
24,Bluff,NZ,2022-10-27 03:01:03,-46.6,168.3333,47.8,95,100,13.11
25,Port Blair,IN,2022-10-27 03:01:03,11.6667,92.75,84.24,79,75,6.91
26,Lock Haven,US,2022-10-27 03:01:04,41.137,-77.4469,57.99,81,59,9.1
27,Cayenne,GF,2022-10-27 02:58:53,4.9333,-52.3333,77.04,94,75,0.0
28,Chernyshevskiy,RU,2022-10-27 02:57:08,63.0128,112.4714,28.02,82,100,8.68
29,Nuuk,GL,2022-10-27 03:01:05,64.1835,-51.7216,41.61,75,100,42.57
30,Dakar,SN,2022-10-27 03:00:07,14.6937,-17.4441,79.68,77,89,17.49
31,Yellowknife,CA,2022-10-27 03:00:49,62.456,-114.3525,26.56,92,99,3.0
32,Rikitea,PF,2022-10-27 03:01:08,-23.1203,-134.9692,73.42,82,68,8.34
33,Bethel,US,2022-10-27 03:01:09,41.3712,-73.414,63.72,76,43,5.01
34,La Ronge,CA,2022-10-27 03:01:09,55.1001,-105.2842,35.64,78,99,11.68
35,Butaritari,KI,2022-10-27 03:01:10,3.0707,172.7902,82.4,76,42,15.79
36,Alice Springs,AU,2022-10-27 03:01:10,-23.7,133.8833,88.21,40,30,8.05
37,Ilulissat,GL,2022-10-27 03:01:11,69.2167,-51.1,30.22,64,100,5.75
38,Berezovyy,RU,2022-10-27 03:01:12,51.6667,135.7,38.44,55,64,8.14
39,Yulara,AU,2022-10-27 03:01:12,-25.2406,130.9889,80.22,26,0,6.82
40,Souillac,MU,2022-10-27 03:01:13,-20.5167,57.5167,75.58,73,40,13.8
41,Kaiyuan,CN,2022-10-27 03:01:13,23.6977,103.3037,72.1,68,50,4.21
42,Aripuana,BR,2022-10-27 03:01:14,-9.1667,-60.6333,79.0,74,98,1.88
43,Port-Cartier,CA,2022-10-27 03:01:14,50.0334,-66.8654,55.62,99,100,7.76
44,Bambanglipuro,ID,2022-10-27 03:01:15,-7.95,110.2833,79.83,72,97,8.41
45,Airai,TL,2022-10-27 03:01:16,-8.9266,125.4092,79.03,43,15,1.95
46,Ulaanbaatar,MN,2022-10-27 03:02:17,47.9077,106.8832,33.93,55,40,13.42
47,Hilo,US,2022-10-27 03:02:18,19.7297,-155.09,76.62,91,100,6.91
48,Egvekinot,RU,2022-10-27 03:02:19,66.3167,-179.1667,5.77,84,96,10.11
49,Camacha,PT,2022-10-27 03:02:19,33.0833,-16.3333,67.42,83,75,1.14
50,Port Elizabeth,ZA,2022-10-27 03:02:21,-33.918,25.5701,57.09,92,10,6.69
51,Sistranda,NO,2022-10-27 03:02:21,63.7256,8.834,46.36,79,100,6.64
52,Ribeira Grande,PT,2022-10-27 03:02:22,38.5167,-28.7,60.8,58,100,16.75
53,Severo-Kurilsk,RU,2022-10-27 03:02:22,50.6789,156.125,41.38,66,100,3.06
54,Vierzon,FR,2022-10-27 03:02:23,47.2101,2.0625,57.79,65,30,8.86
55,Dubno,UA,2022-10-27 03:02:23,50.4169,25.7343,46.13,95,71,4.27
56,Puerto Lleras,CO,2022-10-27 03:02:24,3.0223,-73.4044,73.78,93,85,2.51
57,Tres Lagoas,BR,2022-10-27 03:02:25,-20.7511,-51.6783,76.59,36,0,3.49
58,Catanzaro,IT,2022-10-27 03:02:25,38.8908,16.5987,68.76,48,12,4.7
59,Hasaki,JP,2022-10-27 03:02:26,35.7333,140.8333,70.21,46,36,4.72
60,Jamestown,US,2022-10-27 03:02:27,42.097,-79.2353,47.01,94,100,13.8
61,Hobart,AU,2022-10-27 02:58:35,-42.8794,147.3294,58.05,96,75,9.22
62,Kloulklubed,PW,2022-10-27 03:02:27,7.0419,134.2556,75.7,81,100,23.11
63,Kavieng,PG,2022-10-27 03:02:28,-2.5744,150.7967,84.02,72,100,6.2
64,San Patricio,US,2022-10-27 03:02:28,28.017,-97.5169,69.89,57,4,7.14
65,Lebu,CL,2022-10-27 03:01:59,-37.6167,-73.65,49.23,92,9,7.81
66,Noyabrsk,RU,2022-10-27 03:02:29,63.1994,75.4507,16.07,93,12,8.75
67,Tasiilaq,GL,2022-10-27 03:02:29,65.6145,-37.6368,30.36,95,80,6.08
68,Cidreira,BR,2022-10-27 03:02:30,-30.1811,-50.2056,66.9,95,100,7.74
69,Tiksi,RU,2022-10-27 03:02:31,71.6872,128.8694,17.73,95,100,8.84
70,Dikson,RU,2022-10-27 03:02:31,73.5069,80.5464,21.09,84,83,10.33
71,Garwa,IN,2022-10-27 03:02:32,24.1833,83.8167,71.87,49,0,2.39
72,Whitianga,NZ,2022-10-27 03:02:32,-36.8333,175.7,64.13,60,100,10.0
73,Mayumba,GA,2022-10-27 03:02:32,-3.432,10.6554,76.14,92,100,7.58
74,Bukachacha,RU,2022-10-27 03:02:33,52.9833,116.9167,33.22,41,9,3.4
75,Geraldton,AU,2022-10-27 03:02:33,-28.7667,114.6,70.21,49,0,13.8
76,Port Hawkesbury,CA,2022-10-27 03:02:34,45.6169,-61.3485,63.18,99,100,10.0
77,Dubai,AE,2022-10-27 02:58:26,25.2582,55.3047,78.73,69,0,6.91
78,Lata,PT,2022-10-27 03:02:35,40.1629,-8.3327,68.81,87,100,4.94
79,Castro,BR,2022-10-27 03:01:33,-24.7911,-50.0119,58.68,61,13,3.13
80,Nikolskoye,RU,2022-10-27 03:02:35,59.7035,30.7861,49.91,98,100,3.94
81,Mach,PK,2022-10-27 03:02:36,29.8637,67.3298,67.68,22,1,9.95
82,Mar Del Plata,AR,2022-10-27 02:58:21,-38.0023,-57.5575,55.42,96,100,13.8
83,Tias,ES,2022-10-27 03:02:37,28.9611,-13.645,67.68,88,75,5.75
84,San Clemente,US,2022-10-27 03:00:28,33.427,-117.612,65.46,84,1,1.99
85,Smyrna,US,2022-10-27 03:02:37,33.884,-84.5144,51.66,84,0,9.22
86,Barrow,US,2022-10-27 03:02:38,71.2906,-156.7887,21.22,86,75,11.5
87,Kosh-Agach,RU,2022-10-27 03:02:38,50.0,88.6667,31.01,60,39,2.53
88,Port Alfred,ZA,2022-10-27 03:02:38,-33.5906,26.891,58.17,96,0,13.6
89,Freetown,SL,2022-10-27 03:02:39,8.484,-13.2299,78.53,85,0,2.21
90,Lugoba,TZ,2022-10-27 03:02:39,-6.45,38.3333,68.9,93,56,3.04
91,Mahon,ES,2022-10-27 03:02:40,39.8885,4.2658,68.56,100,100,2.3
92,San Rafael,AR,2022-10-27 03:03:39,-34.6177,-68.3301,64.13,29,1,9.01
93,Albany,US,2022-10-27 03:02:42,42.6001,-73.9662,63.57,77,63,3.0
94,Acapulco,MX,2022-10-27 03:03:23,16.8634,-99.8901,80.42,89,40,6.91
95,Carnarvon,AU,2022-10-27 03:03:41,-24.8667,113.6333,71.31,53,0,21.77
96,Tura,IN,2022-10-27 03:03:42,25.5198,90.2201,75.09,62,0,1.86
97,Cape Town,ZA,2022-10-27 03:03:18,-33.9258,18.4232,62.89,85,100,11.99
98,Bozhou,CN,2022-10-27 03:03:42,33.8772,115.7703,65.59,55,100,12.12
99,Kahului,US,2022-10-27 03:03:44,20.8947,-156.47,78.84,89,69,8.99
100,Mersing,MY,2022-10-27 03:03:44,2.4312,103.8405,79.21,83,99,10.94
101,Oranjestad,AW,2022-10-27 03:03:45,12.524,-70.027,79.92,86,100,7.85
102,Sabha,LY,2022-10-27 03:03:45,27.0377,14.4283,63.45,44,0,9.44
103,Chala,TZ,2022-10-27 03:03:47,-7.5833,31.2667,65.66,52,94,5.68
104,Bredasdorp,ZA,2022-10-27 03:03:47,-34.5322,20.0403,58.3,97,100,2.37
105,Careva Cuprija,BA,2022-10-27 03:03:47,44.2658,18.4292,54.41,91,11,2.19
106,Manta,EC,2022-10-27 03:03:48,-0.95,-80.7333,70.5,82,100,11.32
107,Saint George,US,2022-10-27 02:59:08,37.1041,-113.5841,60.94,25,100,1.99
108,Mataura,NZ,2022-10-27 03:03:48,-46.1927,168.8643,47.48,99,100,5.68
109,Baiyin,CN,2022-10-27 03:03:49,36.5583,104.2081,55.0,67,98,3.71
110,Oblivskaya,RU,2022-10-27 03:03:50,48.5362,42.5014,46.56,90,100,18.75
111,Palafrugell,ES,2022-10-27 03:03:50,41.9174,3.1631,66.42,11,91,1.59
112,Gillette,US,2022-10-27 03:03:15,44.2911,-105.5022,35.94,60,0,5.01
113,Haines Junction,CA,2022-10-27 03:03:51,60.7522,-137.5108,27.91,96,100,3.78
114,Pokhara,NP,2022-10-27 03:02:03,28.2333,83.9833,66.87,71,7,2.68
115,Hithadhoo,MV,2022-10-27 03:03:52,-0.6,73.0833,82.31,75,29,7.2
116,Batagay-Alyta,RU,2022-10-27 03:03:52,67.8006,130.4114,11.95,84,100,4.09
117,Santa Monica,US,2022-10-27 02:59:29,34.0195,-118.4912,67.1,78,0,1.01
118,Tabuk,PH,2022-10-27 03:03:53,17.4189,121.4443,81.82,69,92,7.63
119,Chokurdakh,RU,2022-10-27 03:03:54,70.6333,147.9167,9.82,96,97,9.4
120,Gyoda,JP,2022-10-27 03:03:54,36.1333,139.45,64.81,37,40,4.29
121,Necochea,AR,2022-10-27 03:00:13,-38.5473,-58.7368,54.55,97,100,18.05
122,Trincomalee,LK,2022-10-27 03:03:55,8.5711,81.2335,82.4,57,58,5.21
123,Cherskiy,RU,2022-10-27 03:03:56,68.75,161.3,-3.12,97,100,4.56
124,San Pedro,PH,2022-10-27 03:03:56,14.35,121.0167,90.36,64,99,3.67
125,San Cristobal,VE,2022-10-27 03:03:57,7.7669,-72.225,67.93,87,94,2.24
126,Bonthe,SL,2022-10-27 03:03:57,7.5264,-12.505,78.84,83,44,3.27
127,Kromy,RU,2022-10-27 03:03:58,52.6876,35.7667,39.2,96,100,9.73
128,Bowen,AU,2022-10-27 03:03:58,-20.0167,148.2333,84.04,77,22,13.09
129,Hays,US,2022-10-27 03:03:59,30.0502,-98.0336,63.75,52,0,6.11
130,Riohacha,CO,2022-10-27 03:04:00,11.5444,-72.9072,77.85,84,100,1.95
131,Ponta Do Sol,PT,2022-10-27 03:04:00,32.6667,-17.1,70.72,76,42,7.52
132,Pevek,RU,2022-10-27 03:04:00,69.7008,170.3133,-4.04,99,50,5.68
133,Poum,NC,2022-10-27 03:04:01,-20.2333,164.0167,77.81,73,11,2.62
134,Samarai,PG,2022-10-27 03:04:02,-10.6167,150.6667,84.49,63,4,10.8
135,Thinadhoo,MV,2022-10-27 03:04:02,0.5333,72.9333,82.83,73,87,13.4
136,Tuatapere,NZ,2022-10-27 03:05:03,-46.1333,167.6833,50.18,96,100,5.32
137,Faya,SA,2022-10-27 03:05:04,18.3851,42.4509,50.52,33,78,2.13
138,Banda Aceh,ID,2022-10-27 03:00:18,5.5577,95.3222,82.47,74,100,11.14
139,Esperance,AU,2022-10-27 03:05:04,-33.8667,121.9,60.13,51,53,10.4
140,Provideniya,RU,2022-10-27 03:05:05,64.3833,-173.3,24.91,58,100,7.0
141,Phan Thiet,VN,2022-10-27 03:05:05,10.9333,108.1,80.67,82,100,2.55
142,Kazachinskoye,RU,2022-10-27 03:05:06,57.6953,93.2761,33.1,58,97,3.09
143,Tilichiki,RU,2022-10-27 03:05:06,60.4667,166.1,27.52,72,50,7.38
144,Leningradskiy,RU,2022-10-27 03:05:07,69.3833,178.4167,7.79,95,100,7.74
145,Wukari,NG,2022-10-27 03:05:07,7.85,9.7833,74.14,79,94,2.26
146,Caxito,AO,2022-10-27 03:04:21,-8.5785,13.6643,74.55,89,39,2.62
147,Bambous Virieux,MU,2022-10-27 03:05:08,-20.3428,57.7575,75.45,73,40,13.8
148,Upernavik,GL,2022-10-27 03:05:09,72.7868,-56.1549,19.94,95,100,6.42
149,Havelock,US,2022-10-27 03:05:09,34.8791,-76.9013,67.98,95,0,0.0
150,Casma,CL,2022-10-27 03:05:10,-41.0082,-73.1244,42.4,94,3,1.79
151,Vao,NC,2022-10-27 03:05:10,-22.6667,167.4833,74.14,81,10,13.18
152,Bengkulu,ID,2022-10-27 03:05:11,-3.8004,102.2655,80.69,75,100,5.5
153,Qasigiannguit,GL,2022-10-27 03:05:12,68.8193,-51.1922,30.45,83,100,4.29
154,Longyearbyen,SJ,2022-10-27 03:05:12,78.2186,15.6401,13.84,79,20,9.22
155,Sinnamary,GF,2022-10-27 03:05:13,5.3833,-52.95,78.06,88,96,10.36
156,Chuy,UY,2022-10-27 03:05:14,-33.6971,-53.4616,63.09,89,99,14.61
157,Nabire,ID,2022-10-27 03:05:15,-3.3667,135.4833,85.84,68,99,5.77
158,Iqaluit,CA,2022-10-27 03:05:16,63.7506,-68.5145,35.33,80,100,11.5
159,Kodiak,US,2022-10-27 03:05:17,57.79,-152.4072,42.31,61,100,18.41
160,Honiara,SB,2022-10-27 03:05:18,-9.4333,159.95,84.07,74,83,1.45
161,Thompson,CA,2022-10-27 03:05:18,55.7435,-97.8558,20.01,96,30,5.46
162,Katsuura,JP,2022-10-27 03:05:19,35.1333,140.3,63.12,53,38,4.5
163,Castleblayney,IE,2022-10-27 03:05:20,54.1167,-6.7333,54.81,92,100,10.29
164,Toamasina,MG,2022-10-27 03:00:42,-18.1667,49.3833,70.61,79,57,3.24
165,Homer,US,2022-10-27 03:05:20,59.6425,-151.5483,35.8,76,0,3.44
166,Saint Anthony,US,2022-10-27 03:05:21,45.0205,-93.218,45.19,72,0,6.91
167,Ancud,CL,2022-10-27 03:05:21,-41.8697,-73.8203,48.79,91,17,11.5
168,Walvis Bay,NA,2022-10-27 03:05:22,-22.9575,14.5053,60.1,95,3,2.26
169,Gunjur,GM,2022-10-27 03:05:23,13.2019,-16.7339,75.27,100,0,0.0
170,San-Pedro,CI,2022-10-27 03:05:24,4.7485,-6.6363,76.69,89,54,0.94
171,Norman Wells,CA,2022-10-27 03:05:24,65.282,-126.8329,19.06,87,99,8.19
172,Hambantota,LK,2022-10-27 03:05:25,6.1241,81.1185,75.54,100,86,1.14
173,Kieta,PG,2022-10-27 03:05:25,-6.2167,155.6333,83.8,74,100,1.92
174,New Norfolk,AU,2022-10-27 03:05:26,-42.7826,147.0587,58.71,88,100,2.08
175,Mirnyy,RU,2022-10-27 03:05:26,62.5353,113.9611,30.24,68,100,11.01
176,Ternate,ID,2022-10-27 03:05:27,0.8,127.4,85.39,67,90,8.03
177,Muskegon,US,2022-10-27 03:02:23,43.3,-86.1334,41.34,86,100,0.0
178,Fortuna,US,2022-10-27 03:05:28,40.5982,-124.1573,52.66,84,99,1.99
179,Caernarfon,GB,2022-10-27 03:05:28,53.1413,-4.2702,58.8,77,100,16.11
180,Ocumare Del Tuy,VE,2022-10-27 03:05:29,10.1165,-66.7761,78.6,99,100,2.35
181,Pacific Grove,US,2022-10-27 03:05:29,36.6177,-121.9166,58.01,81,0,21.99
182,Kavaratti,IN,2022-10-27 03:05:30,10.5669,72.642,81.57,58,3,8.3
183,Muisne,EC,2022-10-27 03:06:30,0.6,-80.0333,73.62,82,100,7.25
184,Guerrero Negro,MX,2022-10-27 03:04:54,27.9769,-114.0611,67.05,77,38,14.52
185,Panzhihua,CN,2022-10-27 03:06:31,26.5851,101.7128,74.98,66,58,2.73
186,Luderitz,NA,2022-10-27 03:06:31,-26.6481,15.1594,58.08,86,0,12.12
187,Petropavlovsk-Kamchatskiy,RU,2022-10-27 03:02:43,53.0452,158.6483,48.79,50,40,15.66
188,Turangi,NZ,2022-10-27 03:06:32,-39.0,175.9333,64.63,45,21,6.91
189,Jamame,SO,2022-10-27 03:06:32,0.0722,42.7506,75.56,91,57,5.46
190,Belawan,ID,2022-10-27 03:04:39,3.7755,98.6832,80.89,78,100,2.75
191,Yeroham,IL,2022-10-27 03:06:33,30.9872,34.9314,65.16,79,0,3.6
192,Sandpoint,US,2022-10-27 03:05:19,48.2766,-116.5533,41.45,91,100,1.01
193,East London,ZA,2022-10-27 03:06:33,-33.0153,27.9116,64.18,85,0,15.48
194,Terra Rica,BR,2022-10-27 03:06:34,-22.7094,-52.6169,73.22,51,66,7.45
195,Laguna,US,2022-10-27 03:06:34,38.421,-121.4238,62.76,37,0,4.61
196,Sorland,NO,2022-10-27 03:06:35,67.667,12.6934,42.66,64,100,7.43
197,Victoria,HK,2022-10-27 03:03:24,22.2855,114.1577,82.26,65,30,10.0
198,Riberalta,BO,2022-10-27 03:06:35,-10.9833,-66.1,80.42,65,84,2.57
199,Santa Cruz De La Palma,ES,2022-10-27 03:06:36,28.6835,-17.7642,68.14,68,0,6.91
200,Zhezkazgan,KZ,2022-10-27 03:06:36,47.8043,67.7144,31.98,80,100,15.66
201,Yerbogachen,RU,2022-10-27 03:06:37,61.2767,108.0108,28.99,72,72,7.47
202,Kungurtug,RU,2022-10-27 03:06:37,50.5994,97.5228,31.71,57,27,1.23
203,Coquimbo,CL,2022-10-27 03:06:38,-29.9533,-71.3436,53.33,100,0,3.44
204,Presque Isle,US,2022-10-27 03:05:35,46.6811,-68.0159,64.18,90,100,4.61
205,Harrison,US,2022-10-27 03:06:38,30.4091,-89.0436,57.25,82,0,4.61
206,Dali,CN,2022-10-27 03:06:39,25.7,100.1833,66.34,59,12,2.1
207,Mutoko,ZW,2022-10-27 03:06:39,-17.397,32.2268,62.2,71,32,4.18
208,Taoudenni,ML,2022-10-27 03:06:40,22.6783,-3.9836,78.71,16,100,10.87
209,San Quintin,MX,2022-10-27 03:06:40,30.4833,-115.95,64.92,81,1,12.39
210,Yaan,NG,2022-10-27 03:06:40,7.3833,8.5667,74.43,86,54,1.57
211,Maymyo,MM,2022-10-27 03:06:41,22.0333,96.4667,72.81,74,0,0.45
212,Lavrentiya,RU,2022-10-27 03:06:41,65.5833,-171.0,23.99,73,21,3.38
213,Mount Isa,AU,2022-10-27 03:06:42,-20.7333,139.5,91.17,40,8,6.91
214,Auki,SB,2022-10-27 03:06:42,-8.7676,160.7034,83.97,73,52,3.29
215,Sinop,TR,2022-10-27 03:06:43,41.7711,34.8709,50.31,90,51,3.15
216,Sibolga,ID,2022-10-27 03:06:43,1.7427,98.7792,79.03,85,100,0.89
217,Broome,US,2022-10-27 03:06:44,42.2506,-75.833,58.19,87,20,8.05
218,Asyut,EG,2022-10-27 03:06:44,27.181,31.1837,68.94,62,0,5.53
219,Tsovinar,AM,2022-10-27 03:06:45,40.157,45.4613,44.8,81,99,2.37
220,Oranjemund,NA,2022-10-27 03:06:45,-28.55,16.4333,56.97,97,12,5.23
221,Nanyamba,TZ,2022-10-27 03:06:46,-10.6833,39.8333,64.8,98,98,0.63
222,Hovd,MN,2022-10-27 03:06:46,48.0056,91.6419,34.88,46,100,1.97
223,Srednekolymsk,RU,2022-10-27 03:06:46,67.45,153.6833,16.99,92,100,13.69
224,Zyryanka,RU,2022-10-27 03:06:47,65.75,150.85,19.45,79,100,7.56
225,Vanimo,PG,2022-10-27 03:06:47,-2.6741,141.3028,85.77,67,98,7.43
226,Nome,US,2022-10-27 03:03:46,64.5011,-165.4064,27.16,85,14,13.85
227,Tiznit,MA,2022-10-27 03:06:48,29.5833,-9.5,73.96,19,0,11.45
228,Vardo,NO,2022-10-27 03:06:49,70.3705,31.1107,31.98,100,100,4.61
229,Axim,GH,2022-10-27 03:06:49,4.8699,-2.2405,77.05,90,100,5.41
230,Bamberg,DE,2022-10-27 03:07:49,49.8795,10.8863,50.54,99,79,2.51
231,Qaqortoq,GL,2022-10-27 03:07:50,60.7167,-46.0333,30.24,94,98,5.55
232,Dzilam Gonzalez,MX,2022-10-27 03:07:50,21.2833,-88.9333,76.71,89,81,3.69
233,Mahebourg,MU,2022-10-27 03:07:51,-20.4081,57.7,75.49,73,40,13.8
234,Ramshir,IR,2022-10-27 03:07:51,30.8946,49.4092,78.89,40,69,5.68
235,Port Hardy,CA,2022-10-27 03:07:52,50.6996,-127.4199,45.36,94,100,13.94
236,Chumikan,RU,2022-10-27 03:07:52,54.7183,135.315,33.55,64,0,11.59
237,Fare,PF,2022-10-27 03:07:53,-16.7,-151.0167,72.73,78,100,18.25
238,Adeje,ES,2022-10-27 03:07:54,28.1227,-16.726,76.1,69,20,3.44
239,Sayyan,YE,2022-10-27 03:07:54,15.1718,44.3244,48.79,38,2,4.14
240,Vila Velha,BR,2022-10-27 03:03:47,-20.3297,-40.2925,70.95,94,42,6.06
241,Salalah,OM,2022-10-27 03:07:55,17.0151,54.0924,73.49,73,20,3.44
242,Tezu,IN,2022-10-27 03:07:55,27.9167,96.1667,76.28,65,14,2.8
243,Barrhead,GB,2022-10-27 03:07:56,55.7992,-4.3929,54.84,84,40,7.0
244,Rapid Valley,US,2022-10-27 03:07:56,44.0625,-103.1463,44.58,63,75,8.05
245,Beidao,CN,2022-10-27 03:07:56,34.5686,105.8933,56.98,74,100,5.19
246,Dunedin,NZ,2022-10-27 03:06:10,-45.8742,170.5036,46.8,92,100,1.01
247,Bubaque,GW,2022-10-27 03:07:57,11.2833,-15.8333,83.48,75,13,3.85
248,Kingaroy,AU,2022-10-27 03:07:57,-26.5333,151.8333,91.4,27,0,14.03
249,Talcahuano,CL,2022-10-27 03:07:58,-36.7167,-73.1167,53.28,87,0,9.22
250,Tucuman,AR,2022-10-27 03:07:58,-26.8241,-65.2226,71.6,43,0,6.91
251,Tuktoyaktuk,CA,2022-10-27 03:07:59,69.4541,-133.0374,11.39,85,8,17.25
252,Caucaia,BR,2022-10-27 03:07:59,-3.7361,-38.6531,79.03,76,40,6.91
253,Kaitangata,NZ,2022-10-27 03:07:59,-46.2817,169.8464,47.16,97,100,8.19
254,Gdansk,PL,2022-10-27 03:03:06,54.3521,18.6464,50.07,99,92,2.3
255,Belyy Yar,RU,2022-10-27 03:08:00,53.6039,91.3903,26.49,86,100,0.0
256,San Matias,BO,2022-10-27 03:08:00,-16.3667,-58.4,81.63,60,26,5.06
257,Mareeba,AU,2022-10-27 03:08:01,-17.0,145.4333,81.48,36,46,4.7
258,Ragay,PH,2022-10-27 03:08:01,13.8183,122.7923,82.18,83,80,10.71
259,Namatanai,PG,2022-10-27 03:08:02,-3.6667,152.4333,84.38,70,100,3.83
260,Puerto Madero,MX,2022-10-27 03:08:03,14.7208,-92.4215,81.1,80,72,2.64
261,Serebryansk,KZ,2022-10-27 03:08:03,49.6925,83.2892,37.8,98,100,6.17
262,Popondetta,PG,2022-10-27 03:08:04,-8.7537,148.2534,92.84,46,36,9.48
263,Talnakh,RU,2022-10-27 03:08:04,69.4865,88.3972,7.3,96,100,8.34
264,Aklavik,CA,2022-10-27 03:08:05,68.2191,-135.0107,12.83,95,100,6.67
265,Malusac,PH,2022-10-27 03:08:05,14.8587,120.6215,91.18,59,99,5.06
266,Clyde River,CA,2022-10-27 03:03:22,70.4692,-68.5914,25.03,100,100,25.32
267,Nantucket,US,2022-10-27 03:08:06,41.2835,-70.0995,64.54,99,100,12.66
268,Arraial Do Cabo,BR,2022-10-27 03:08:06,-22.9661,-42.0278,71.87,85,42,21.7
269,Khatanga,RU,2022-10-27 03:08:07,71.9667,102.5,0.3,96,97,9.17
270,Fossano,IT,2022-10-27 03:08:07,44.5489,7.7201,64.83,94,100,3.44
271,Kandalaksha,RU,2022-10-27 03:08:08,67.162,32.4123,27.1,86,77,6.17
272,Nouakchott,MR,2022-10-27 03:08:08,18.0858,-15.9785,75.13,65,10,11.72
273,Shirokovskiy,RU,2022-10-27 03:08:08,58.8424,57.7832,28.96,96,100,4.41
274,Diamantino,BR,2022-10-27 03:08:09,-14.4086,-56.4461,78.89,66,15,7.38
275,Shimoda,JP,2022-10-27 03:08:10,34.6667,138.95,59.11,56,91,5.61
276,Conde,BR,2022-10-27 03:06:22,-7.2597,-34.9075,76.46,83,20,3.44
277,Waw,SS,2022-10-27 03:08:10,7.7029,27.9953,71.01,62,37,3.98
278,Panalingaan,PH,2022-10-27 03:09:11,8.7842,117.4231,81.14,79,100,2.46
279,Lichtenburg,ZA,2022-10-27 03:09:11,-26.152,26.1597,63.86,55,100,6.85
280,Potosi,BO,2022-10-27 03:09:12,-19.5836,-65.7531,50.79,49,0,3.47
281,Shingu,JP,2022-10-27 03:09:12,33.7333,135.9833,66.25,46,100,4.59
282,Henties Bay,NA,2022-10-27 03:09:13,-22.116,14.2845,57.67,92,2,2.82
283,Calabozo,VE,2022-10-27 03:09:13,8.9242,-67.4293,75.33,92,100,4.09
284,Vestmannaeyjar,IS,2022-10-27 03:09:14,63.4427,-20.2734,41.58,77,76,11.3
285,Awjilah,LY,2022-10-27 03:09:14,29.1081,21.2869,65.26,72,0,6.53
286,Yerofey Pavlovich,RU,2022-10-27 03:09:15,53.9667,121.9667,32.92,45,5,3.44
287,Zaria,NG,2022-10-27 03:09:16,11.1113,7.7227,68.31,34,21,7.99
288,Dunmore East,IE,2022-10-27 03:09:16,52.1514,-6.9861,59.0,97,100,20.27
289,Viedma,AR,2022-10-27 03:08:25,-40.8135,-62.9967,53.74,67,0,6.06
290,Melbourne,US,2022-10-27 03:09:15,28.0836,-80.6081,78.03,81,75,6.91
291,Isangel,VU,2022-10-27 03:09:17,-19.55,169.2667,80.28,74,15,6.73
292,Faanui,PF,2022-10-27 03:09:17,-16.4833,-151.75,75.78,87,100,20.65
293,Merta,IN,2022-10-27 03:09:18,26.65,74.0333,76.51,42,0,7.56
294,Lexington,US,2022-10-27 03:04:22,37.9887,-84.4777,47.52,85,11,3.69
295,Chapais,CA,2022-10-27 03:09:19,49.7834,-74.8492,53.85,92,94,8.03
296,Hitachi,JP,2022-10-27 03:09:19,36.6,140.65,59.81,52,4,3.36
297,North Platte,US,2022-10-27 03:09:19,41.1239,-100.7654,46.33,56,0,18.01
298,Asfi,MA,2022-10-27 03:09:20,32.2994,-9.2372,70.54,56,7,3.22
299,Maxixe,MZ,2022-10-27 03:09:21,-23.8597,35.3472,73.87,93,98,4.36
300,Teknaf,BD,2022-10-27 03:09:21,20.8624,92.3058,79.56,65,2,7.83
301,Bull Savanna,JM,2022-10-27 03:09:22,17.8868,-77.5902,74.84,83,100,6.6
302,Portland,US,2022-10-27 03:09:23,45.5234,-122.6762,50.61,91,100,5.01
303,Sao Filipe,CV,2022-10-27 03:09:23,14.8961,-24.4956,79.14,77,100,6.55
304,Ponta Delgada,PT,2022-10-27 03:09:23,37.7333,-25.6667,59.72,77,40,3.44
305,Algarrobo,CO,2022-10-27 03:09:24,10.1869,-74.5753,74.7,95,100,4.94
306,Zhigansk,RU,2022-10-27 03:09:25,66.7697,123.3711,28.09,87,100,20.07
307,Sitka,US,2022-10-27 03:09:25,57.0531,-135.33,46.29,87,100,14.97
308,Vila Franca Do Campo,PT,2022-10-27 03:09:26,37.7167,-25.4333,59.41,72,100,12.26
309,Perevolotskiy,RU,2022-10-27 03:09:26,51.8763,54.1938,28.2,79,29,2.53
310,Bela Vista,BR,2022-10-27 03:05:02,-22.1089,-56.5211,78.06,59,67,5.91
311,Izumo,JP,2022-10-27 03:09:27,35.3667,132.7667,65.23,53,100,3.56
312,Bedele,ET,2022-10-27 03:09:28,8.456,36.353,51.91,97,90,2.19
313,Baruun-Urt,MN,2022-10-27 03:09:29,46.6806,113.2792,33.08,23,100,7.23
314,Nogliki,RU,2022-10-27 03:09:29,51.8333,143.1667,36.05,96,100,21.21
315,Verkhnevilyuysk,RU,2022-10-27 03:09:30,63.4453,120.3167,30.63,84,100,10.0
316,Waitati,NZ,2022-10-27 03:09:30,-45.75,170.5667,46.8,93,100,6.55
317,Beloha,MG,2022-10-27 03:09:31,-25.1667,45.05,69.67,88,16,4.23
318,Luzhou,CN,2022-10-27 03:09:31,28.8724,105.4405,65.21,82,97,2.15
319,Londoko,RU,2022-10-27 03:09:31,49.0333,131.9833,39.52,86,100,0.63
320,Tocopilla,CL,2022-10-27 03:09:32,-22.092,-70.1979,61.66,71,12,5.97
321,Dingle,PH,2022-10-27 03:10:32,10.9995,122.6711,85.66,75,100,10.18
322,Pisco,PE,2022-10-27 03:10:33,-13.7,-76.2167,60.03,82,12,2.3
323,Vilcun,CL,2022-10-27 03:10:33,-38.65,-72.2333,41.74,96,10,1.79
324,Barra Patuca,HN,2022-10-27 03:10:34,15.8,-84.2833,79.41,75,88,7.58
325,Flinders,AU,2022-10-27 03:10:34,-34.5833,150.8552,81.37,48,51,8.99
326,Namibe,AO,2022-10-27 03:10:35,-15.1961,12.1522,67.37,79,85,5.77
327,La Palma,US,2022-10-27 03:10:35,33.8464,-118.0467,66.81,81,20,3.44
328,Lerwick,GB,2022-10-27 03:10:36,60.1545,-1.1494,53.6,73,95,27.49
329,Mogadishu,SO,2022-10-27 03:10:36,2.0371,45.3438,77.99,85,79,10.94
330,Araci,BR,2022-10-27 03:10:37,-11.3333,-38.9667,70.66,92,100,5.19
331,Xuddur,SO,2022-10-27 03:10:37,4.1213,43.8894,71.38,91,50,10.58
332,Cabo San Lucas,MX,2022-10-27 03:10:09,22.8909,-109.9124,74.5,73,2,9.31
333,Vestmanna,FO,2022-10-27 03:10:38,62.1564,-7.1664,47.32,100,100,5.75
334,Unai,BR,2022-10-27 03:10:38,-16.3575,-46.9061,76.59,53,11,3.04
335,Kailua,US,2022-10-27 03:10:14,21.4022,-157.7394,82.38,76,74,1.01
336,Te Anau,NZ,2022-10-27 03:09:33,-45.4167,167.7167,49.35,98,100,1.39
337,Omboue,GA,2022-10-27 03:10:39,-1.5746,9.2618,76.66,91,100,4.56
338,Krasnoselkup,RU,2022-10-27 03:10:39,65.7,82.4667,15.6,94,97,13.11
339,Nurota,UZ,2022-10-27 03:10:40,40.5614,65.6886,47.82,65,42,0.72
340,Sur,OM,2022-10-27 03:09:24,22.5667,59.5289,81.09,51,0,1.72
341,Ormara,PK,2022-10-27 03:10:40,25.2088,64.6357,80.01,71,0,6.58
342,Nakambala,ZM,2022-10-27 03:10:41,-15.8324,27.7799,73.4,40,42,5.79
343,Solton,RU,2022-10-27 03:10:41,52.8429,86.4787,40.33,62,100,3.98
344,Touros,BR,2022-10-27 03:10:42,-5.1989,-35.4608,76.89,77,69,10.51
345,Alofi,NU,2022-10-27 03:10:42,-19.0595,-169.9187,75.09,83,100,10.36
346,Padang,ID,2022-10-27 03:07:10,-0.9492,100.3543,84.25,70,73,3.31
347,Patnagarh,IN,2022-10-27 03:10:43,20.7167,83.15,74.14,61,0,1.07
348,Acajutla,SV,2022-10-27 03:10:43,13.5928,-89.8275,78.93,85,85,4.63
349,Lagoa,PT,2022-10-27 03:10:44,39.05,-27.9833,60.85,55,88,20.47
350,Careiro Da Varzea,BR,2022-10-27 03:10:44,-3.2003,-59.8119,81.23,77,100,3.83
351,Tabou,CI,2022-10-27 03:10:44,4.423,-7.3528,77.31,87,85,3.87
352,Kudahuvadhoo,MV,2022-10-27 03:10:45,2.6708,72.8944,81.27,77,68,8.41
353,Nadym,RU,2022-10-27 03:10:45,65.5333,72.5167,22.98,86,100,14.7
354,Roald,NO,2022-10-27 03:10:46,62.5833,6.1333,54.09,82,20,11.5
355,Altamira,BR,2022-10-27 03:10:46,-3.2033,-52.2064,74.93,88,100,2.37
356,Kesinga,IN,2022-10-27 03:10:47,20.2,83.2333,73.24,69,0,0.49
357,Chone,EC,2022-10-27 03:10:47,-0.6833,-80.1,71.74,81,99,5.95
358,Canosa Di Puglia,IT,2022-10-27 03:10:47,41.2196,16.0675,62.62,70,2,4.85
359,Sorong,ID,2022-10-27 03:10:05,-0.8833,131.25,85.95,68,30,6.71
360,Hay River,CA,2022-10-27 03:10:48,60.8156,-115.7999,23.83,92,97,8.03
361,Marawi,PH,2022-10-27 03:10:49,7.9986,124.2928,79.03,75,100,2.93
362,Shanghai,CN,2022-10-27 03:07:07,31.2222,121.4581,68.94,71,0,4.47
363,Barra Da Estiva,BR,2022-10-27 03:10:49,-13.6261,-41.3269,63.61,93,78,4.36
364,Terrasini,IT,2022-10-27 03:10:50,38.146,13.0844,75.07,59,100,4.61
365,Bandarbeyla,SO,2022-10-27 03:10:50,9.4942,50.8122,78.22,85,51,7.36
366,Turkistan,KZ,2022-10-27 03:10:50,43.0,68.0,49.64,52,100,8.48
367,Belmonte,BR,2022-10-27 03:11:51,-15.8631,-38.8828,72.09,88,18,3.27
368,Placido De Castro,BR,2022-10-27 03:11:51,-10.3353,-67.1856,78.42,75,92,2.42
369,Hofn,IS,2022-10-27 03:11:52,64.2539,-15.2082,42.19,81,11,20.18
370,Savannah Bight,HN,2022-10-27 03:11:52,16.45,-85.85,82.99,69,74,10.6
371,Berlevag,NO,2022-10-27 03:11:52,70.8578,29.0864,35.55,80,75,5.75
372,Mangrol,IN,2022-10-27 03:11:53,21.1167,70.1167,77.59,64,1,6.6
373,Buribay,RU,2022-10-27 03:11:53,51.9617,58.1592,27.9,77,10,2.77
374,Fairbanks,US,2022-10-27 03:09:06,64.8378,-147.7164,17.56,77,0,8.05
375,Hakkari,TR,2022-10-27 03:11:54,37.5833,44.1667,44.38,87,75,8.05
376,Grand Gaube,MU,2022-10-27 03:11:54,-20.0064,57.6608,75.6,70,78,5.01
377,Narsaq,GL,2022-10-27 03:11:55,60.9167,-46.05,30.42,92,94,5.73
378,Novoagansk,RU,2022-10-27 03:11:55,61.9449,76.6625,13.33,95,49,3.18
379,Gorontalo,ID,2022-10-27 03:08:56,0.5412,123.0595,85.71,71,99,4.05
380,Port Huron,US,2022-10-27 03:11:56,42.9709,-82.4249,45.21,73,100,4.61
381,Adrar,MR,2022-10-27 03:11:56,20.5022,-10.0711,76.01,12,3,9.93
382,Kamiiso,JP,2022-10-27 03:11:57,41.8167,140.65,57.09,56,34,7.09
383,Ulaangom,MN,2022-10-27 03:11:57,49.9811,92.0667,30.72,45,100,1.41
384,Tres Arroyos,AR,2022-10-27 03:11:58,-38.3739,-60.2798,54.1,96,100,13.65
385,Ayr,GB,2022-10-27 03:11:58,55.4627,-4.6339,55.31,87,0,10.36
386,Darlowo,PL,2022-10-27 03:11:58,54.421,16.4107,51.64,91,72,9.93
387,Wahiawa,US,2022-10-27 03:11:59,21.5028,-158.0236,79.12,68,20,6.91
388,Ambon,ID,2022-10-27 03:11:59,-3.6954,128.1814,87.94,70,20,5.75
389,Staunton,US,2022-10-27 03:08:01,38.1496,-79.0717,54.39,72,0,9.22
390,Canaries,ES,2022-10-27 03:12:00,28.0,-15.5,62.56,88,75,4.61
391,Plouzane,FR,2022-10-27 03:12:00,48.3833,-4.6167,59.32,97,75,16.11
392,Santa Lucia,ES,2022-10-27 03:12:01,27.9117,-15.5407,61.92,88,75,4.61
393,Marataizes,BR,2022-10-27 03:12:01,-21.0433,-40.8244,71.13,89,3,9.57
394,Rio Gallegos,AR,2022-10-27 03:08:45,-51.6226,-69.2181,53.65,26,100,19.57
395,Ankang,CN,2022-10-27 03:08:05,32.68,109.0172,60.89,76,100,6.71
396,Sembakung,ID,2022-10-27 03:12:03,3.8167,117.25,88.9,60,98,3.6
397,Port Macquarie,AU,2022-10-27 03:12:03,-31.4333,152.9167,79.9,67,69,7.05
398,San Policarpo,PH,2022-10-27 03:12:04,12.1791,125.5072,83.34,85,99,11.79
399,Port Lincoln,AU,2022-10-27 03:12:04,-34.7333,135.8667,63.25,58,7,18.3
400,Santa Maria,BR,2022-10-27 03:12:05,-29.6842,-53.8069,65.44,92,100,6.69
401,Cockburn Town,TC,2022-10-27 03:12:05,21.4612,-71.1419,80.24,66,5,5.48
402,Agidel,RU,2022-10-27 03:12:06,55.9077,53.9355,28.18,79,99,4.72
403,Pasco,US,2022-10-27 03:10:18,28.292,-82.4165,77.81,66,11,5.12
404,Huarmey,PE,2022-10-27 03:12:07,-10.0681,-78.1522,61.95,87,83,8.63
405,Los Llanos De Aridane,ES,2022-10-27 03:12:07,28.6585,-17.9182,64.15,45,0,8.01
406,Agirish,RU,2022-10-27 03:12:08,61.9247,63.0231,25.41,77,97,7.81
407,Tautira,PF,2022-10-27 03:12:08,-17.7333,-149.15,76.8,79,100,20.67
408,Erenhot,CN,2022-10-27 03:12:09,43.6475,111.9767,37.09,28,5,14.29
409,Kilindoni,TZ,2022-10-27 03:12:09,-7.9139,39.6668,76.55,75,6,9.37
410,Videbaek,DK,2022-10-27 03:12:09,56.0876,8.6285,54.72,95,88,8.08
411,Gushikawa,JP,2022-10-27 03:12:10,26.3544,127.8686,81.99,56,40,19.57
412,Los Algarrobos,PA,2022-10-27 03:12:11,8.5,-82.4333,73.74,92,67,2.84
413,Ismailia,EG,2022-10-27 03:13:11,30.6043,32.2723,69.13,84,0,7.49
414,Sungaipenuh,ID,2022-10-27 03:13:12,-2.0833,101.3833,72.5,78,99,4.05
415,Saint-Philippe,RE,2022-10-27 03:13:12,-21.3585,55.7679,71.19,80,96,10.09
416,Yilan,TW,2022-10-27 03:13:13,24.757,121.753,82.26,60,70,4.92
417,Constitucion,CL,2022-10-27 03:11:16,-35.3333,-72.4167,52.88,82,6,11.74
418,Kununurra,AU,2022-10-27 03:13:13,-15.7667,128.7333,103.98,17,11,11.5
419,Kaeo,NZ,2022-10-27 03:13:14,-35.1,173.7833,71.33,70,58,8.12
420,Kushima,JP,2022-10-27 03:13:14,31.4583,131.2333,72.36,47,87,6.04
421,Zonguldak,TR,2022-10-27 03:13:15,41.25,31.8333,49.51,91,86,2.21
422,Chimbote,PE,2022-10-27 03:13:16,-9.0853,-78.5783,60.94,89,48,7.05
423,Biak,ID,2022-10-27 03:13:16,-0.9131,122.8766,84.29,65,100,0.47
424,Muros,ES,2022-10-27 03:13:17,42.7762,-9.0603,67.68,87,95,19.04
425,Goedereede,NL,2022-10-27 03:13:18,51.8175,3.9806,60.01,87,100,3.0
426,Punuare,HN,2022-10-27 03:13:18,14.7333,-85.9667,83.16,89,87,3.85
427,Zyryanovsk,KZ,2022-10-27 03:13:18,49.7386,84.2719,37.58,96,100,1.48
428,Indiana,US,2022-10-27 03:13:19,40.0003,-86.2503,44.31,89,0,4.61
429,Nara,JP,2022-10-27 03:13:19,34.6851,135.8049,62.96,45,100,1.25
430,Malanje,AO,2022-10-27 03:13:20,-9.5402,16.341,64.51,95,100,2.44
431,Isiro,CD,2022-10-27 03:13:20,2.7739,27.616,65.64,99,98,2.01
432,Saravena,CO,2022-10-27 03:13:21,6.9538,-71.8752,74.48,86,96,1.88
433,Palmer,US,2022-10-27 03:08:31,42.1584,-72.3287,65.01,83,75,9.22
434,Joao Pinheiro,BR,2022-10-27 03:13:22,-17.7425,-46.1725,69.91,64,8,5.44
435,Pakxan,LA,2022-10-27 03:13:22,18.3778,103.6601,84.29,61,67,2.86
436,Chhatarpur,IN,2022-10-27 03:13:22,24.9,79.6,73.69,48,0,3.8
437,Bridlington,GB,2022-10-27 03:13:23,54.0831,-0.1919,54.01,93,96,5.99
438,Wageningen,NL,2022-10-27 03:13:23,51.9667,5.6667,57.07,94,100,5.75
439,Naze,JP,2022-10-27 03:13:24,28.3667,129.4833,72.09,55,55,16.84
440,Southampton,GB,2022-10-27 03:13:24,50.904,-1.4043,61.38,95,100,1.01
441,Solnechnyy,RU,2022-10-27 03:13:25,50.7214,136.6319,34.03,83,91,9.91
442,Kawalu,ID,2022-10-27 03:13:25,-7.3817,108.2082,77.34,79,91,4.45
443,Komsomolskiy,UZ,2022-10-27 03:13:26,40.4272,71.7189,52.52,76,41,6.91
444,Kropotkin,RU,2022-10-27 03:13:26,45.4375,40.5756,54.37,91,96,9.93
445,Surami,GE,2022-10-27 03:13:27,42.0243,43.5556,45.73,80,51,5.19
446,Alamosa,US,2022-10-27 03:13:27,37.4695,-105.87,33.78,51,0,8.05
447,Birjand,IR,2022-10-27 03:13:28,32.8663,59.2211,58.21,41,1,2.53
448,Chippewa Falls,US,2022-10-27 03:08:38,44.9369,-91.3929,35.96,88,0,0.0
449,Hvide Sande,DK,2022-10-27 03:13:28,56.0045,8.1294,55.09,90,76,13.76
450,Husavik,IS,2022-10-27 03:13:29,66.0449,-17.3389,38.37,91,98,4.12
451,Alberton,CA,2022-10-27 03:13:29,46.8168,-64.0654,59.9,97,96,16.96
452,Ahipara,NZ,2022-10-27 03:13:29,-35.1667,173.1667,67.8,56,75,9.86
453,Rio Verde De Mato Grosso,BR,2022-10-27 03:13:30,-18.9181,-54.8442,80.89,50,0,4.74
454,Port Moresby,PG,2022-10-27 03:13:30,-9.4431,147.1797,86.61,63,32,8.52
455,Mlalo,TZ,2022-10-27 03:13:31,-4.9333,38.9333,70.66,90,34,4.14
456,Pemba,MZ,2022-10-27 03:13:31,-12.974,40.5178,72.3,94,20,5.75
457,General Cepeda,MX,2022-10-27 03:13:32,25.3833,-101.45,62.08,47,46,4.03
458,Carmelo,UY,2022-10-27 03:13:33,-33.9892,-58.2856,60.98,70,0,9.37
459,Okha,RU,2022-10-27 03:13:33,53.5739,142.9478,37.4,57,65,13.0
460,Ouadda,CF,2022-10-27 03:14:34,8.0777,22.4007,66.24,56,21,4.34
461,Challapata,BO,2022-10-27 03:14:34,-18.9,-66.7667,48.97,12,0,4.94
462,Rundu,NA,2022-10-27 03:14:34,-17.9333,19.7667,74.08,42,98,4.43
463,Zhetysay,KZ,2022-10-27 03:14:35,40.7333,68.3,51.64,64,1,4.88
464,Lishu,CN,2022-10-27 03:14:35,43.3047,124.3278,44.87,39,2,10.51
465,Fort Smith,US,2022-10-27 03:10:01,35.3859,-94.3986,55.04,77,0,6.91
466,Najran,SA,2022-10-27 03:14:36,17.4924,44.1277,59.65,32,1,2.42
467,Sala,MA,2022-10-27 03:14:36,34.0389,-6.8166,77.63,67,8,0.0
468,Mitsamiouli,KM,2022-10-27 03:14:37,-11.3847,43.2844,76.42,81,99,12.55
469,Starosubkhangulovo,RU,2022-10-27 03:14:37,53.1031,57.4423,21.33,94,45,1.45
470,Calvillo,MX,2022-10-27 03:14:37,21.85,-102.7167,65.34,48,1,1.95
471,Qingdao,CN,2022-10-27 03:14:38,36.0986,120.3719,62.42,54,0,9.1
472,Novo Aripuana,BR,2022-10-27 03:14:38,-5.1206,-60.3797,77.86,86,100,1.34
473,Khasan,RU,2022-10-27 03:14:39,42.4308,130.6434,50.45,48,5,19.93
474,Leopold,AU,2022-10-27 03:14:39,-38.1833,144.4667,64.06,82,100,19.57
475,Usinsk,RU,2022-10-27 03:14:40,65.9939,57.5281,27.73,90,100,21.3
476,Brae,GB,2022-10-27 03:14:40,60.3964,-1.353,53.91,73,94,28.48
477,Hualmay,PE,2022-10-27 03:14:15,-11.0964,-77.6139,61.45,83,73,10.45
478,Beech Grove,US,2022-10-27 03:14:41,39.722,-86.09,44.6,90,0,5.75
479,Maltahohe,NA,2022-10-27 03:14:42,-24.8333,16.9833,69.31,23,0,10.0
480,Klaksvik,FO,2022-10-27 03:14:42,62.2266,-6.589,49.12,96,100,5.84
481,Xining,CN,2022-10-27 03:14:42,36.6167,101.7667,48.54,63,100,0.89
482,Paita,PE,2022-10-27 03:14:43,-5.0892,-81.1144,63.41,84,28,9.35
483,Akhtanizovskaya,RU,2022-10-27 03:14:43,45.32,37.1,55.87,77,100,15.08
484,Nsanje,MW,2022-10-27 03:14:44,-16.92,35.262,75.69,63,0,4.56
485,Uyar,RU,2022-10-27 03:14:44,55.81,94.3153,36.41,41,44,4.74
486,Cartagena Del Chaira,CO,2022-10-27 03:14:45,1.3349,-74.8429,74.7,91,100,2.13
487,Asau,RO,2022-10-27 03:14:45,46.4333,26.4,40.12,91,2,4.36
488,Flin Flon,CA,2022-10-27 03:14:45,54.7682,-101.865,30.79,89,100,9.4
489,Saldanha,ZA,2022-10-27 03:14:46,-33.0117,17.9442,60.49,93,100,19.35
490,Keflavik,IS,2022-10-27 03:14:46,64.0049,-22.5624,39.63,87,0,10.36
491,Akyab,MM,2022-10-27 03:14:47,20.15,92.9,77.92,67,6,7.45
492,Inverness,GB,2022-10-27 03:14:47,57.4791,-4.224,54.79,75,0,21.85
493,Ulladulla,AU,2022-10-27 03:14:47,-35.35,150.4667,74.88,43,2,13.11
494,Grindavik,IS,2022-10-27 03:14:48,63.8424,-22.4338,39.67,87,0,10.36
495,Bathsheba,BB,2022-10-27 03:14:48,13.2167,-59.5167,83.01,78,40,19.57
496,Mayo,US,2022-10-27 03:14:49,38.8876,-76.5119,62.98,80,20,12.66
497,Broken Hill,AU,2022-10-27 03:14:49,-31.95,141.4333,68.83,37,0,18.01
498,Kodinsk,RU,2022-10-27 03:13:56,58.6881,99.1844,31.73,57,100,2.86
499,Urumqi,CN,2022-10-27 03:12:01,43.801,87.6005,45.55,49,0,4.47
500,Vigrestad,NO,2022-10-27 03:14:50,58.5667,5.7,54.59,90,74,10.98
501,Falmouth,GB,2022-10-27 03:14:48,50.1544,-5.0711,59.9,94,75,12.66
502,Korla,CN,2022-10-27 03:10:35,41.7597,86.1469,56.98,31,97,8.1
503,Gizo,SB,2022-10-27 03:14:51,-8.103,156.8419,84.13,69,75,5.32
504,Jinji,CN,2022-10-27 03:14:51,23.2281,110.8261,85.1,53,7,2.8
505,Baturaja,ID,2022-10-27 03:14:51,-4.1333,104.1667,84.11,67,97,1.86
506,Torbay,CA,2022-10-27 03:14:17,47.6666,-52.7314,58.26,96,100,17.27
507,Morganton,US,2022-10-27 03:15:52,35.7454,-81.6848,53.74,86,0,1.01
508,Igrim,RU,2022-10-27 03:15:52,63.1906,64.4162,26.46,84,97,10.63
509,San Jose,US,2022-10-27 03:15:14,37.3394,-121.895,59.29,63,0,11.5
510,Mormugao,IN,2022-10-27 03:15:53,15.4,73.8,76.24,59,0,7.85
511,Jizan,SA,2022-10-27 03:15:53,17.3333,42.6667,83.34,76,26,2.62
512,Nizhniy Tsasuchey,RU,2022-10-27 03:15:54,50.5167,115.1333,38.14,20,46,9.91
513,Arenillas,ES,2022-10-27 03:15:54,41.3471,-2.8462,59.0,56,95,5.7
514,Kedrovyy,RU,2022-10-27 03:15:55,56.1667,91.8167,23.41,53,98,4.41
515,Inuvik,CA,2022-10-27 03:15:17,68.3499,-133.7218,10.89,90,17,13.49
516,Suhaia,RO,2022-10-27 03:15:55,43.7333,25.25,56.01,74,83,2.21
517,Bunia,CD,2022-10-27 03:15:56,1.5667,30.25,61.09,92,99,2.84
518,Mahuva,IN,2022-10-27 03:15:56,21.0914,71.7622,79.93,47,0,5.06
519,Inhambane,MZ,2022-10-27 03:15:57,-23.865,35.3833,76.98,88,40,3.44
520,Noumea,NC,2022-10-27 03:12:19,-22.2763,166.4572,89.58,68,35,8.86
521,Waipawa,NZ,2022-10-27 03:15:57,-41.4122,175.5153,62.33,63,81,8.97
522,Bad Hersfeld,DE,2022-10-27 03:15:58,50.8667,9.7,53.42,97,91,2.75
523,Jiaozuo,CN,2022-10-27 03:15:58,35.2397,113.2331,66.06,45,98,8.37
524,Rawson,AR,2022-10-27 03:15:58,-43.3002,-65.1023,61.84,32,3,20.54
525,Mecca,SA,2022-10-27 03:15:59,21.4267,39.8261,80.01,65,100,2.55
526,Kandrian,PG,2022-10-27 03:15:59,-6.2167,149.55,87.82,61,79,9.1
527,Awbari,LY,2022-10-27 03:16:00,26.5921,12.7805,62.44,38,0,6.78
528,Gasa,PS,2022-10-27 03:16:00,31.5,34.4667,72.59,70,0,3.09
529,Paraiso,CR,2022-10-27 03:16:01,9.8383,-83.8656,67.06,96,93,1.92
530,Bilma,NE,2022-10-27 03:16:01,18.6853,12.9164,69.24,27,0,10.18
531,Matadi,CD,2022-10-27 03:16:02,-5.8167,13.45,76.95,89,100,2.26
532,Jhanjharpur,IN,2022-10-27 03:16:02,26.2667,86.2833,74.1,56,0,1.25
533,Ostrovnoy,RU,2022-10-27 03:16:03,68.0531,39.5131,36.54,88,100,13.76
534,Japura,ID,2022-10-27 03:16:03,-0.3167,102.35,78.48,85,100,3.53
535,Tahta,EG,2022-10-27 03:16:04,26.7693,31.5021,68.9,60,0,5.14
536,Balkhash,KZ,2022-10-27 03:16:04,46.844,74.9804,39.81,75,75,22.37
537,Mollendo,PE,2022-10-27 03:16:05,-17.0231,-72.0147,60.66,86,77,7.49
538,Yenagoa,NG,2022-10-27 03:16:05,4.9247,6.2642,75.67,95,100,2.77
539,Kruisfontein,ZA,2022-10-27 03:16:06,-34.0033,24.7314,54.88,90,0,5.95
540,Xiongzhou,CN,2022-10-27 03:16:06,25.1167,114.3,82.54,33,3,6.78
541,Bilibino,RU,2022-10-27 03:16:07,68.0546,166.4372,2.21,100,97,1.92
542,Paamiut,GL,2022-10-27 03:16:07,61.994,-49.6678,37.31,80,100,16.93
543,Patea,NZ,2022-10-27 03:16:08,-39.7583,174.4833,62.55,68,99,10.98
544,Miyazu,JP,2022-10-27 03:16:08,35.5333,135.1833,61.0,59,100,4.21
545,Katakwi,UG,2022-10-27 03:16:09,1.8911,33.9661,68.65,61,72,3.24
546,San Sebastian,ES,2022-10-27 03:11:59,43.3128,-1.975,80.44,49,0,9.22
547,Cassia,BR,2022-10-27 03:16:10,-20.5831,-46.9219,70.74,57,16,1.05
548,Jiexiu,CN,2022-10-27 03:16:10,37.0244,111.9125,59.54,48,10,5.41
549,Amalapuram,IN,2022-10-27 03:16:11,16.5833,82.0167,82.08,65,0,4.94
550,Tairua,NZ,2022-10-27 03:16:11,-37.0167,175.85,65.53,59,100,11.97
551,Pokrovsk,UA,2022-10-27 03:16:12,48.282,37.1758,50.59,86,100,12.75
552,Pereira Barreto,BR,2022-10-27 03:15:53,-20.6383,-51.1092,76.19,36,0,4.52
553,Valkeakoski,FI,2022-10-27 03:17:12,61.2642,24.0312,43.43,96,40,5.93
554,Gilgit,PK,2022-10-27 03:17:13,35.9221,74.3087,57.79,52,4,1.57
555,Porto Santo,PT,2022-10-27 03:17:13,33.072,-16.3415,70.18,83,75,1.14
556,Saint-Benoit,RE,2022-10-27 03:17:14,-21.038,55.7194,75.31,78,99,5.91
557,Evensk,RU,2022-10-27 03:17:14,61.95,159.2333,17.33,69,0,7.72
558,Sarishabari,BD,2022-10-27 03:17:15,24.7333,89.8333,75.61,69,0,4.54
559,Ahuimanu,US,2022-10-27 03:17:15,21.4447,-157.8378,82.11,72,75,14.97
560,The Pas,CA,2022-10-27 03:17:15,53.8251,-101.2541,33.82,86,100,14.97
561,Cairns,AU,2022-10-27 03:17:16,-16.9167,145.7667,86.11,79,75,4.0
562,Anadyr,RU,2022-10-27 03:17:16,64.75,177.4833,12.7,78,75,17.9
563,Skibbereen,IE,2022-10-27 03:17:17,51.55,-9.2667,58.1,95,91,14.2
564,Diapaga,BF,2022-10-27 03:16:50,12.0708,1.7889,76.77,40,89,5.12
565,Orocue,CO,2022-10-27 03:17:17,4.7912,-71.3354,79.86,78,100,2.75
566,Hamilton,US,2022-10-27 03:17:18,39.1834,-84.5333,49.8,78,100,4.61
567,Vanavara,RU,2022-10-27 03:17:18,60.34,102.2797,29.48,66,100,4.23
568,Aksu,CN,2022-10-27 03:17:18,41.1231,80.2644,53.96,27,2,4.23
569,Malanville,BJ,2022-10-27 03:17:19,11.8685,3.3899,76.05,36,27,6.44
570,Nadvoitsy,RU,2022-10-27 03:17:19,63.8667,34.3167,35.44,97,100,5.53
